Protein_feature_name,ProtSeq_FeatStart,ProtSeq_FeatEnd
CDS,1,757
LDLa,27,62
Putative_binding_surface,32,53
Glycosylation1,36,36
Calcium_binding_site,45,59
DXSDE_motif,55,59
Glycosylation2,127,127
LRR1,151,172
LRR2,175,196
LRR3,199,220
LRR4,223,244
LRR5,248,269
LRR6,272,293
Glycosylation3,272,272
LRR7,296,317
LRR8,320,341
Glycosylation4,325,325
LRR9,344,365
Glycosylation5,368,368
TMhelix1,407,433
TM1,410,430
TMhelix2,440,465
TM2,444,464
Peptide_ligand_binding_pocket,461,671
TMhelix3,485,515
TM3,487,507
TMhelix4,526,548
TM4,528,548
TMhelix5,576,605
TM5,578,598
TMhelix6,621,651
TM6,630,650
TM7,652,672
TMhelix7,660,685
